{"cameraMode":{"drawMode":0,"name":"Shaded","section":"Shading Mode"},"sceneLighting":false,"audioPlay":false,"sceneViewState":{"m_AlwaysRefresh":false,"showFog":true,"showSkybox":false,"showFlares":true,"showImageEffects":true,"showParticleSystems":true,"showVisualEffectGraphs":true,"m_FxEnabled":true},"in2DMode":false,"pivot":{"x":0.09635186195373535,"y":6.501798629760742,"z":-2.0133719444274904},"rotation":{"x":-0.05036954954266548,"y":0.26205402612686159,"z":0.013590090908110142,"w":0.9637253284454346},"size":7.661195278167725,"orthographic":false}