{"cameraMode":{"drawMode":0,"name":"Shaded","section":"Shading Mode"},"sceneLighting":false,"audioPlay":false,"sceneViewState":{"m_AlwaysRefresh":false,"showFog":true,"showSkybox":false,"showFlares":true,"showImageEffects":true,"showParticleSystems":true,"showVisualEffectGraphs":true,"m_FxEnabled":true},"in2DMode":false,"pivot":{"x":0.06329568475484848,"y":1.104372501373291,"z":-5.234112739562988},"rotation":{"x":-0.48673316836357119,"y":-0.023593246936798097,"z":0.013116884976625443,"w":-0.8731867074966431},"size":1.2374742031097413,"orthographic":false}