{"cameraMode":{"drawMode":0,"name":"Shaded","section":"Shading Mode"},"sceneLighting":false,"audioPlay":false,"sceneViewState":{"m_AlwaysRefresh":false,"showFog":true,"showSkybox":false,"showFlares":true,"showImageEffects":true,"showParticleSystems":true,"showVisualEffectGraphs":true,"m_FxEnabled":true},"in2DMode":false,"pivot":{"x":20.280778884887697,"y":-56.51848220825195,"z":108.31178283691406},"rotation":{"x":0.21990007162094117,"y":0.08769289404153824,"z":-0.019740013405680658,"w":0.9713961482048035},"size":69.74056243896485,"orthographic":false}