{"cameraMode":{"drawMode":0,"name":"Shaded","section":"Shading Mode"},"sceneLighting":false,"audioPlay":false,"sceneViewState":{"m_AlwaysRefresh":false,"showFog":true,"showSkybox":false,"showFlares":true,"showImageEffects":true,"showParticleSystems":true,"showVisualEffectGraphs":true,"m_FxEnabled":true},"in2DMode":false,"pivot":{"x":-15.455436706542969,"y":-23.002750396728517,"z":123.28846740722656},"rotation":{"x":0.09488993138074875,"y":-0.040289998054504397,"z":0.003953267354518175,"w":0.9946869611740112},"size":80.39630126953125,"orthographic":false}