{"cameraMode":{"drawMode":0,"name":"Shaded","section":"Shading Mode"},"sceneLighting":false,"audioPlay":false,"sceneViewState":{"m_AlwaysRefresh":false,"showFog":true,"showSkybox":false,"showFlares":true,"showImageEffects":true,"showParticleSystems":true,"showVisualEffectGraphs":true,"m_FxEnabled":true},"in2DMode":false,"pivot":{"x":1.6861335039138795,"y":0.8599481582641602,"z":-8.177456855773926},"rotation":{"x":-0.39952510595321658,"y":0.009606626816093922,"z":-0.004248929675668478,"w":-0.9166680574417114},"size":4.8705830574035648,"orthographic":false}