{"cameraMode":{"drawMode":0,"name":"Shaded","section":"Shading Mode"},"sceneLighting":false,"audioPlay":false,"sceneViewState":{"m_AlwaysRefresh":false,"showFog":true,"showSkybox":false,"showFlares":true,"showImageEffects":true,"showParticleSystems":true,"showVisualEffectGraphs":true,"m_FxEnabled":true},"in2DMode":false,"pivot":{"x":0.027779409661889077,"y":0.5534050464630127,"z":2.9793765544891359},"rotation":{"x":0.28602397441864016,"y":-0.01291392557322979,"z":0.003948591649532318,"w":0.9580909609794617},"size":2.607548713684082,"orthographic":false}