{"cameraMode":{"drawMode":0,"name":"Shaded","section":"Shading Mode"},"sceneLighting":true,"audioPlay":false,"sceneViewState":{"m_AlwaysRefresh":false,"showFog":true,"showSkybox":true,"showFlares":true,"showImageEffects":true,"showParticleSystems":true,"showVisualEffectGraphs":true,"m_FxEnabled":true},"in2DMode":false,"pivot":{"x":-0.7449653744697571,"y":1.7541160583496094,"z":10.973885536193848},"rotation":{"x":-0.29181966185569765,"y":-0.05994481220841408,"z":0.018259089440107347,"w":-0.9544582366943359},"size":0.9912990927696228,"orthographic":false}