{"cameraMode":{"drawMode":0,"name":"Shaded","section":"Shading Mode"},"sceneLighting":false,"audioPlay":false,"sceneViewState":{"m_AlwaysRefresh":false,"showFog":true,"showSkybox":true,"showFlares":true,"showImageEffects":true,"showParticleSystems":true,"showVisualEffectGraphs":true,"m_FxEnabled":true},"in2DMode":false,"pivot":{"x":-1.1770434379577637,"y":0.8547819256782532,"z":-0.5007368326187134},"rotation":{"x":0.18565085530281068,"y":0.06881767511367798,"z":-0.013022899627685547,"w":0.9801355600357056},"size":3.2170867919921877,"orthographic":false}