{"cameraMode":{"drawMode":0,"name":"Shaded","section":"Shading Mode"},"sceneLighting":true,"audioPlay":false,"sceneViewState":{"m_AlwaysRefresh":false,"showFog":true,"showSkybox":true,"showFlares":true,"showImageEffects":true,"showParticleSystems":true,"showVisualEffectGraphs":true,"m_FxEnabled":true},"in2DMode":false,"pivot":{"x":-0.5333633422851563,"y":1.0606606006622315,"z":4.522525787353516},"rotation":{"x":0.2972787916660309,"y":0.46717938780784609,"z":-0.17059044539928437,"w":0.8151266574859619},"size":1.5781261920928956,"orthographic":false}