{"cameraMode":{"drawMode":0,"name":"Shaded","section":"Shading Mode"},"sceneLighting":false,"audioPlay":false,"sceneViewState":{"m_AlwaysRefresh":false,"showFog":true,"showSkybox":true,"showFlares":true,"showImageEffects":true,"showParticleSystems":true,"showVisualEffectGraphs":true,"m_FxEnabled":true},"in2DMode":false,"pivot":{"x":0.4812990725040436,"y":2.763115882873535,"z":1.8098666667938233},"rotation":{"x":0.2957824170589447,"y":0.04586471989750862,"z":-0.014136351644992829,"w":0.9541013836860657},"size":2.9590115547180177,"orthographic":false}