{"cameraMode":{"drawMode":0,"name":"Shaded","section":"Shading Mode"},"sceneLighting":true,"audioPlay":false,"sceneViewState":{"m_AlwaysRefresh":false,"showFog":true,"showSkybox":true,"showFlares":true,"showImageEffects":true,"showParticleSystems":true,"showVisualEffectGraphs":true,"m_FxEnabled":true},"in2DMode":false,"pivot":{"x":-0.14131233096122743,"y":-6.116461277008057,"z":21.307615280151368},"rotation":{"x":-0.15241794288158418,"y":-0.004453369881957769,"z":0.0006863961461931467,"w":-0.9883360266685486},"size":12.836812973022461,"orthographic":false}