{"cameraMode":{"drawMode":0,"name":"Shaded","section":"Shading Mode"},"sceneLighting":true,"audioPlay":false,"sceneViewState":{"m_AlwaysRefresh":false,"showFog":true,"showSkybox":true,"showFlares":true,"showImageEffects":true,"showParticleSystems":true,"showVisualEffectGraphs":true,"m_FxEnabled":true},"in2DMode":false,"pivot":{"x":-0.17517688870429994,"y":1.8911066055297852,"z":-13.63990306854248},"rotation":{"x":-0.00019950346904806793,"y":-0.9984157085418701,"z":-0.05665876716375351,"w":0.0036042467691004278},"size":9.49039363861084,"orthographic":false}