{"cameraMode":{"drawMode":0,"name":"Shaded","section":"Shading Mode"},"sceneLighting":false,"audioPlay":false,"sceneViewState":{"m_AlwaysRefresh":false,"showFog":true,"showSkybox":false,"showFlares":true,"showImageEffects":true,"showParticleSystems":true,"showVisualEffectGraphs":true,"m_FxEnabled":true},"in2DMode":false,"pivot":{"x":2.437424421310425,"y":5.279911041259766,"z":-1.6131644248962403},"rotation":{"x":0.028656579554080964,"y":0.09879495203495026,"z":-0.0029537221416831018,"w":0.9947713613510132},"size":4.660016059875488,"orthographic":false}