{"cameraMode":{"drawMode":0,"name":"Shaded","section":"Shading Mode"},"sceneLighting":false,"audioPlay":false,"sceneViewState":{"m_AlwaysRefresh":false,"showFog":true,"showSkybox":false,"showFlares":true,"showImageEffects":true,"showParticleSystems":true,"showVisualEffectGraphs":true,"m_FxEnabled":true},"in2DMode":false,"pivot":{"x":0.5343236327171326,"y":-15.842948913574219,"z":13.278736114501954},"rotation":{"x":-0.36862891912460329,"y":0.045970309525728229,"z":-0.018315577879548074,"w":-0.9282637238502502},"size":17.292095184326173,"orthographic":false}